[{"post_id":"1639352284","seller_id":"80","buyer_id":null,"created_at":"2021-12-13 00:38:04","product_name":"Banana","amount":"1","price":"2","expires_in":"2021-12-04","category":"Dish","diet":"Vegan","image_name":"shazam_icon.jpg","description":"fdsfsdfd","seller_image":"","seller_username":"test"},{"post_id":"1639352302","seller_id":"80","buyer_id":null,"created_at":"2021-12-13 00:38:22","product_name":"Banana","amount":"1","price":"2","expires_in":"2021-12-04","category":"Dish","diet":"Vegan","image_name":"shazam_icon.jpg","description":"fdsfsdfd","seller_image":"","seller_username":"test"},{"post_id":"1639352504","seller_id":"80","buyer_id":null,"created_at":"2021-12-13 00:41:43","product_name":"fsdf","amount":"1","price":"2","expires_in":"2021-12-04","category":"Dish","diet":"Vegan","image_name":"","description":"fdssd","seller_image":"","seller_username":"test"},{"post_id":"1639352524","seller_id":"80","buyer_id":null,"created_at":"2021-12-13 00:42:04","product_name":"fsdf","amount":"1","price":"2","expires_in":"2021-12-04","category":"Dish","diet":"Vegan","image_name":"","description":"fdssd","seller_image":"","seller_username":"test"},{"post_id":"1639352919","seller_id":"80","buyer_id":null,"created_at":"2021-12-13 00:48:39","product_name":"","amount":"0","price":"0","expires_in":"0000-00-00","category":"Dish","diet":"Vegetarian","image_name":"","description":"","seller_image":"","seller_username":"test"},{"post_id":"1639352980","seller_id":"80","buyer_id":"57","created_at":"2021-12-13 00:49:40","product_name":"Banana","amount":"0","price":"0","expires_in":"0000-00-00","category":"Dish","diet":"Vegetarian","image_name":"","description":"","seller_image":"","seller_username":"test"},{"post_id":"1639394051","seller_id":"57","buyer_id":null,"created_at":"2021-12-13 12:14:11","product_name":"Zac Efron 2","amount":"1","price":"154","expires_in":"2021-12-18","category":"Fruits & Vegetables","diet":"Gluten-free","image_name":"carrot.jpg","description":"mah love","seller_image":"ola.jfif","seller_username":"Kasia Laniecka"},{"post_id":"1639394826","seller_id":"57","buyer_id":null,"created_at":"2021-12-13 12:27:06","product_name":"Bananas","amount":"10","price":"10","expires_in":"2021-12-18","category":"Fruits & Vegetables","diet":"Vegan","image_name":"rodrigo-dos-reis-DkTuGvgPotA-unsplash.jpg","description":"","seller_image":"ola.jfif","seller_username":"Kasia Laniecka"},{"post_id":"1639415420","seller_id":"80","buyer_id":null,"created_at":"2021-12-13 18:10:20","product_name":"created by test","amount":"0","price":"0","expires_in":"0000-00-00","category":"Bread & Pastry","diet":"Diary-free","image_name":"","description":"","seller_image":"","seller_username":"test"},{"post_id":"1639415874","seller_id":"80","buyer_id":null,"created_at":"2021-12-13 18:17:54","product_name":"time slots","amount":"0","price":"0","expires_in":"0000-00-00","category":"Dish","diet":"Vegan","image_name":"","description":"","seller_image":"","seller_username":"test"},{"post_id":"1639422051","seller_id":"73","buyer_id":"57","created_at":"2021-12-13 20:00:52","product_name":"Carrots","amount":"11","price":"6","expires_in":"2021-12-30","category":"Dish","diet":"Vegetarian","image_name":"carrot.jpg","description":"This is description\n","seller_image":"469578328213_152220714200566.jpg","seller_username":"Kamila Laniecka"},{"post_id":"1639429085","seller_id":"57","buyer_id":null,"created_at":"2021-12-13 21:58:05","product_name":"Strawberries","amount":"10","price":"10","expires_in":"2021-12-17","category":"Fruits & Vegetables","diet":"Vegan","image_name":"246414275_1490798961286065_6129286467048593678_n.jpg","description":"500 g of strawberries. The best in town!","seller_image":"ola.jfif","seller_username":"Kasia Laniecka"},{"post_id":"1639474751","seller_id":"57","buyer_id":null,"created_at":"2021-12-14 10:39:11","product_name":"Carrots","amount":"2","price":"10","expires_in":"2021-12-18","category":"Diary","diet":"Vegan","image_name":"carrot.jpg","description":"sdfgh","seller_image":"ola.jfif","seller_username":"Kasia Laniecka"},{"post_id":"1639480603","seller_id":"57","buyer_id":null,"created_at":"2021-12-14 12:16:44","product_name":"Bananana","amount":"10","price":"6","expires_in":"2021-12-17","category":"Fruits & Vegetables","diet":"Vegan","image_name":"rodrigo-dos-reis-DkTuGvgPotA-unsplash.jpg","description":"","seller_image":"ola.jfif","seller_username":"Kasia Laniecka"},{"post_id":"1639481165","seller_id":"57","buyer_id":null,"created_at":"2021-12-14 12:26:06","product_name":"Hello","amount":"10","price":"10","expires_in":"2021-12-16","category":"Fruits & Vegetables","diet":"Vegan","image_name":"parking_4x.jpg","description":"sdfgh","seller_image":"ola.jfif","seller_username":"Kasia Laniecka"},{"post_id":"1639481337","seller_id":"80","buyer_id":null,"created_at":"2021-12-14 12:28:57","product_name":"test123","amount":"2","price":"3","expires_in":"2021-12-24","category":"Diary","diet":"Diary-free","image_name":"dog.jpg","description":"efdsfs","seller_image":"","seller_username":"test"},{"post_id":"1639481435","seller_id":"73","buyer_id":null,"created_at":"2021-12-14 12:30:36","product_name":"sdfgh","amount":"3","price":"3","expires_in":"2021-12-17","category":"Fruits & Vegetables","diet":"Vegan","image_name":"imgbin-2014-toyota-yaris-car-2012-toyota-yaris-2013-toyota-yaris-toyota-bpAhr8RF5ju3HrnEx2T27w0JZ.jpg","description":"","seller_image":"469578328213_152220714200566.jpg","seller_username":"Kamila Laniecka"},{"post_id":"1639481779","seller_id":"80","buyer_id":null,"created_at":"2021-12-14 12:36:15","product_name":"","amount":"0","price":"0","expires_in":"0000-00-00","category":"Dish","diet":"Vegetarian","image_name":"","description":"","seller_image":"","seller_username":"test"},{"post_id":"1639481907","seller_id":"80","buyer_id":null,"created_at":"2021-12-14 12:38:23","product_name":"","amount":"0","price":"0","expires_in":"0000-00-00","category":"Dessert","diet":"Vegetarian","image_name":"dog.jpg","description":"","seller_image":"","seller_username":"test"},{"post_id":"1639482032","seller_id":"80","buyer_id":null,"created_at":"2021-12-14 12:40:28","product_name":"what the dog doin","amount":"0","price":"0","expires_in":"0000-00-00","category":"Fruits & Vegetables","diet":"Vegetarian","image_name":"dog.jpg","description":"","seller_image":"","seller_username":"test"},{"post_id":"1639484567","seller_id":"57","buyer_id":null,"created_at":"2021-12-14 13:22:43","product_name":"Bread","amount":"1","price":"15","expires_in":"2021-12-18","category":"Bread & Pastry","diet":"Gluten-free","image_name":"dog.jpg","description":"Lorem ipsum","seller_image":"ola.jfif","seller_username":"Kasia Laniecka"},{"post_id":"1639484568","seller_id":"57","buyer_id":null,"created_at":"2021-12-14 13:22:45","product_name":"Bread","amount":"1","price":"15","expires_in":"2021-12-18","category":"Bread & Pastry","diet":"Gluten-free","image_name":"dog.jpg","description":"Lorem ipsum","seller_image":"ola.jfif","seller_username":"Kasia Laniecka"},{"post_id":"1639484570","seller_id":"57","buyer_id":null,"created_at":"2021-12-14 13:22:46","product_name":"Bread","amount":"1","price":"15","expires_in":"2021-12-18","category":"Bread & Pastry","diet":"Gluten-free","image_name":"dog.jpg","description":"Lorem ipsum","seller_image":"ola.jfif","seller_username":"Kasia Laniecka"},{"post_id":"1639484575","seller_id":"57","buyer_id":null,"created_at":"2021-12-14 13:22:51","product_name":"Bread","amount":"1","price":"15","expires_in":"2021-12-18","category":"Bread & Pastry","diet":"Gluten-free","image_name":"dog.jpg","description":"Lorem ipsum","seller_image":"ola.jfif","seller_username":"Kasia Laniecka"},{"post_id":"1639484576","seller_id":"57","buyer_id":null,"created_at":"2021-12-14 13:22:52","product_name":"Bread","amount":"1","price":"15","expires_in":"2021-12-18","category":"Bread & Pastry","diet":"Gluten-free","image_name":"dog.jpg","description":"Lorem ipsum","seller_image":"ola.jfif","seller_username":"Kasia Laniecka"},{"post_id":"1639484577","seller_id":"57","buyer_id":null,"created_at":"2021-12-14 13:22:53","product_name":"Bread","amount":"1","price":"15","expires_in":"2021-12-18","category":"Bread & Pastry","diet":"Gluten-free","image_name":"dog.jpg","description":"Lorem ipsum","seller_image":"ola.jfif","seller_username":"Kasia Laniecka"},{"post_id":"1639484856","seller_id":"57","buyer_id":null,"created_at":"2021-12-14 13:27:32","product_name":"","amount":"0","price":"0","expires_in":"0000-00-00","category":"Bread & Pastry","diet":"Vegetarian","image_name":"","description":"","seller_image":"ola.jfif","seller_username":"Kasia Laniecka"},{"post_id":"1639487398","seller_id":"80","buyer_id":null,"created_at":"2021-12-14 14:09:54","product_name":"test test tesst","amount":"0","price":"0","expires_in":"0000-00-00","category":"Bread & Pastry","diet":"Vegan","image_name":"ola.jfif","description":"","seller_image":"","seller_username":"test"},{"post_id":"1639488874","seller_id":"57","buyer_id":null,"created_at":"2021-12-14 14:34:35","product_name":"Chocolate","amount":"1","price":"10","expires_in":"2021-12-18","category":"Dessert","diet":"Vegan","image_name":"dark-chocolate-bar-1296x728-header.jpg","description":"\u0141ooooooooooooooo","seller_image":"ola.jfif","seller_username":"Kasia Laniecka"},{"post_id":"2147483647","seller_id":null,"buyer_id":null,"created_at":"2021-12-13 11:11:55","product_name":"","amount":"0","price":"0","expires_in":"0000-00-00","category":"","diet":"","image_name":"","description":"","seller_image":null,"seller_username":null}]