[{"post_id":"2147483647","collectionTime_id":"51","day":"2021-12-10","timeSlot":"14:00 - 16:00"},{"post_id":"2147483647","collectionTime_id":"52","day":"2021-12-10","timeSlot":"10:00 - 12:00"},{"post_id":"2147483647","collectionTime_id":"53","day":"2021-12-10","timeSlot":"14:00 - 16:00"},{"post_id":"2147483647","collectionTime_id":"54","day":"2021-12-10","timeSlot":"10:00 - 12:00"},{"post_id":"2147483647","collectionTime_id":"55","day":"2021-12-08","timeSlot":"16:00 - 18:00"},{"post_id":"2147483647","collectionTime_id":"56","day":"2021-12-08","timeSlot":"16:00 - 18:00"},{"post_id":"2147483647","collectionTime_id":"57","day":"2021-12-08","timeSlot":"18:00 - 20:00"},{"post_id":"2147483647","collectionTime_id":"58","day":"2021-12-08","timeSlot":"14:00 - 16:00"},{"post_id":"2147483647","collectionTime_id":"59","day":"2021-12-02","timeSlot":"8:00 - 10:00"},{"post_id":"2147483647","collectionTime_id":"60","day":"2021-12-02","timeSlot":"18:00 - 20:00"},{"post_id":"1639352980","collectionTime_id":"61","day":"2021-12-15","timeSlot":"8:00 - 10:00"},{"post_id":"1639352980","collectionTime_id":"62","day":"2021-12-15","timeSlot":"12:00 - 14:00"},{"post_id":"1639352980","collectionTime_id":"63","day":"2021-12-15","timeSlot":"16:00 - 18:00"},{"post_id":"1639352980","collectionTime_id":"64","day":"2021-12-15","timeSlot":"18:00 - 20:00"},{"post_id":"1639352980","collectionTime_id":"65","day":"2021-12-15","timeSlot":"14:00 - 16:00"},{"post_id":"1639352980","collectionTime_id":"66","day":"2021-12-15","timeSlot":"10:00 - 12:00"},{"post_id":"1639384932","collectionTime_id":"67","day":"2021-12-16","timeSlot":"8:00 - 10:00"},{"post_id":"1639398532","collectionTime_id":"68","day":"2021-12-24","timeSlot":"8:00 - 10:00"},{"post_id":"1639415874","collectionTime_id":"70","day":"2021-12-15","timeSlot":"8:00 - 10:00"},{"post_id":"1639415874","collectionTime_id":"71","day":"2021-12-15","timeSlot":"12:00 - 14:00"},{"post_id":"1639415874","collectionTime_id":"72","day":"2021-12-15","timeSlot":"14:00 - 16:00"},{"post_id":"1639410582","collectionTime_id":"75","day":"0000-00-00","timeSlot":"8:00 - 10:00"},{"post_id":"1639410582","collectionTime_id":"76","day":"0000-00-00","timeSlot":"12:00 - 14:00"},{"post_id":"1639394826","collectionTime_id":"97","day":"2021-12-16","timeSlot":"10:00 - 12:00"},{"post_id":"1639394826","collectionTime_id":"98","day":"2021-12-16","timeSlot":"14:00 - 16:00"},{"post_id":"0","collectionTime_id":"136","day":"2021-12-17","timeSlot":"18:00 - 20:00"},{"post_id":"0","collectionTime_id":"137","day":"2021-12-17","timeSlot":"14:00 - 16:00"},{"post_id":"1639422051","collectionTime_id":"142","day":"2021-12-02","timeSlot":"18:00 - 20:00"},{"post_id":"1639422051","collectionTime_id":"143","day":"2021-12-02","timeSlot":"14:00 - 16:00"},{"post_id":"1639429085","collectionTime_id":"145","day":"2021-12-17","timeSlot":"10:00 - 12:00"},{"post_id":"1639429085","collectionTime_id":"146","day":"2021-12-17","timeSlot":"14:00 - 16:00"},{"post_id":"1639429087","collectionTime_id":"149","day":"2021-12-24","timeSlot":"18:00 - 20:00"},{"post_id":"1639429087","collectionTime_id":"150","day":"2021-12-24","timeSlot":"14:00 - 16:00"},{"post_id":"1639394051","collectionTime_id":"151","day":"2021-12-10","timeSlot":"14:00 - 16:00"},{"post_id":"1639471243","collectionTime_id":"152","day":"2021-12-17","timeSlot":"10:00 - 12:00"},{"post_id":"1639474751","collectionTime_id":"153","day":"2021-12-17","timeSlot":"10:00 - 12:00"},{"post_id":"1639480603","collectionTime_id":"154","day":"2021-12-16","timeSlot":"10:00 - 12:00"},{"post_id":"1639480639","collectionTime_id":"155","day":"2021-12-30","timeSlot":"10:00 - 12:00"},{"post_id":"1639481165","collectionTime_id":"156","day":"2022-01-06","timeSlot":"8:00 - 10:00"},{"post_id":"1639481337","collectionTime_id":"157","day":"2021-12-23","timeSlot":"12:00 - 14:00"},{"post_id":"1639481337","collectionTime_id":"158","day":"2021-12-23","timeSlot":"18:00 - 20:00"},{"post_id":"1639481435","collectionTime_id":"159","day":"2021-12-10","timeSlot":"10:00 - 12:00"},{"post_id":"1639481435","collectionTime_id":"160","day":"2021-12-10","timeSlot":"14:00 - 16:00"},{"post_id":"1639481907","collectionTime_id":"161","day":"0000-00-00","timeSlot":"8:00 - 10:00"},{"post_id":"1639481907","collectionTime_id":"162","day":"0000-00-00","timeSlot":"16:00 - 18:00"},{"post_id":"1639482032","collectionTime_id":"163","day":"0000-00-00","timeSlot":"8:00 - 10:00"},{"post_id":"1639482032","collectionTime_id":"164","day":"0000-00-00","timeSlot":"14:00 - 16:00"},{"post_id":"1639484567","collectionTime_id":"165","day":"2021-12-18","timeSlot":"10:00 - 12:00"},{"post_id":"1639484567","collectionTime_id":"166","day":"2021-12-18","timeSlot":"12:00 - 14:00"},{"post_id":"1639484567","collectionTime_id":"167","day":"2021-12-18","timeSlot":"18:00 - 20:00"},{"post_id":"1639484568","collectionTime_id":"168","day":"2021-12-18","timeSlot":"10:00 - 12:00"},{"post_id":"1639484568","collectionTime_id":"169","day":"2021-12-18","timeSlot":"12:00 - 14:00"},{"post_id":"1639484568","collectionTime_id":"170","day":"2021-12-18","timeSlot":"18:00 - 20:00"},{"post_id":"1639484570","collectionTime_id":"171","day":"2021-12-18","timeSlot":"10:00 - 12:00"},{"post_id":"1639484570","collectionTime_id":"172","day":"2021-12-18","timeSlot":"12:00 - 14:00"},{"post_id":"1639484570","collectionTime_id":"173","day":"2021-12-18","timeSlot":"18:00 - 20:00"},{"post_id":"1639484570","collectionTime_id":"174","day":"2021-12-18","timeSlot":"10:00 - 12:00"},{"post_id":"1639484570","collectionTime_id":"175","day":"2021-12-18","timeSlot":"12:00 - 14:00"},{"post_id":"1639484570","collectionTime_id":"176","day":"2021-12-18","timeSlot":"18:00 - 20:00"},{"post_id":"1639484570","collectionTime_id":"177","day":"2021-12-18","timeSlot":"10:00 - 12:00"},{"post_id":"1639484570","collectionTime_id":"178","day":"2021-12-18","timeSlot":"12:00 - 14:00"},{"post_id":"1639484570","collectionTime_id":"179","day":"2021-12-18","timeSlot":"18:00 - 20:00"},{"post_id":"1639484575","collectionTime_id":"180","day":"2021-12-18","timeSlot":"10:00 - 12:00"},{"post_id":"1639484575","collectionTime_id":"181","day":"2021-12-18","timeSlot":"12:00 - 14:00"},{"post_id":"1639484575","collectionTime_id":"182","day":"2021-12-18","timeSlot":"18:00 - 20:00"},{"post_id":"1639484576","collectionTime_id":"183","day":"2021-12-18","timeSlot":"10:00 - 12:00"},{"post_id":"1639484576","collectionTime_id":"184","day":"2021-12-18","timeSlot":"12:00 - 14:00"},{"post_id":"1639484576","collectionTime_id":"185","day":"2021-12-18","timeSlot":"18:00 - 20:00"},{"post_id":"1639484576","collectionTime_id":"186","day":"2021-12-18","timeSlot":"10:00 - 12:00"},{"post_id":"1639484576","collectionTime_id":"187","day":"2021-12-18","timeSlot":"12:00 - 14:00"},{"post_id":"1639484576","collectionTime_id":"188","day":"2021-12-18","timeSlot":"18:00 - 20:00"},{"post_id":"1639484576","collectionTime_id":"189","day":"2021-12-18","timeSlot":"10:00 - 12:00"},{"post_id":"1639484576","collectionTime_id":"190","day":"2021-12-18","timeSlot":"12:00 - 14:00"},{"post_id":"1639484576","collectionTime_id":"191","day":"2021-12-18","timeSlot":"18:00 - 20:00"},{"post_id":"1639484577","collectionTime_id":"192","day":"2021-12-18","timeSlot":"10:00 - 12:00"},{"post_id":"1639484577","collectionTime_id":"193","day":"2021-12-18","timeSlot":"12:00 - 14:00"},{"post_id":"1639484577","collectionTime_id":"194","day":"2021-12-18","timeSlot":"18:00 - 20:00"},{"post_id":"1639488414","collectionTime_id":"197","day":"2021-12-17","timeSlot":"10:00 - 12:00"},{"post_id":"1639488414","collectionTime_id":"198","day":"2021-12-17","timeSlot":"14:00 - 16:00"},{"post_id":"1639488874","collectionTime_id":"199","day":"2021-12-17","timeSlot":"10:00 - 12:00"}]