[{"transaction_id":"1639433003","post_id":"1639415874","seller_id":"80","seller_username":"test","buyer_id":"80","buyer_username":"test","product_name":"","amount":"0","price":"0","address":"test","zip_code":"0","city":"test","collection_day":"2021-12-15","phone_number":"0","time_slot":"8:00 - 10:00","seller_image":"","post_image":"","category":"","expires_in":"0000-00-00"},{"transaction_id":"1639433407","post_id":"1639415874","seller_id":"80","seller_username":"test","buyer_id":"80","buyer_username":"test","product_name":"","amount":"0","price":"0","address":"test","zip_code":"0","city":"test","collection_day":"2021-12-15","phone_number":"0","time_slot":"8:00 - 10:00","seller_image":"","post_image":"","category":"","expires_in":"0000-00-00"},{"transaction_id":"1639433437","post_id":"1639415874","seller_id":"80","seller_username":"test","buyer_id":"80","buyer_username":"test","product_name":"","amount":"0","price":"0","address":"test","zip_code":"0","city":"test","collection_day":"2021-12-15","phone_number":"0","time_slot":"8:00 - 10:00","seller_image":"","post_image":"","category":"","expires_in":"0000-00-00"},{"transaction_id":"1639433537","post_id":"1639415874","seller_id":"80","seller_username":"test","buyer_id":"80","buyer_username":"test","product_name":"","amount":"0","price":"0","address":"test","zip_code":"0","city":"test","collection_day":"2021-12-15","phone_number":"0","time_slot":"8:00 - 10:00","seller_image":"","post_image":"","category":"","expires_in":"0000-00-00"},{"transaction_id":"1639433593","post_id":"1639415874","seller_id":"80","seller_username":"test","buyer_id":"80","buyer_username":"test","product_name":"","amount":"0","price":"0","address":"test","zip_code":"0","city":"test","collection_day":"2021-12-15","phone_number":"0","time_slot":"8:00 - 10:00","seller_image":"","post_image":"","category":"","expires_in":"0000-00-00"},{"transaction_id":"1639433638","post_id":"1639415874","seller_id":"80","seller_username":"test","buyer_id":"80","buyer_username":"test","product_name":"","amount":"0","price":"0","address":"test","zip_code":"0","city":"test","collection_day":"2021-12-15","phone_number":"0","time_slot":"8:00 - 10:00","seller_image":"","post_image":"","category":"","expires_in":"0000-00-00"},{"transaction_id":"1639434347","post_id":"1639415874","seller_id":"80","seller_username":"test","buyer_id":"80","buyer_username":"test","product_name":"","amount":"0","price":"0","address":"test","zip_code":"0","city":"test","collection_day":"2021-12-15","phone_number":"0","time_slot":"8:00 - 10:00","seller_image":"","post_image":"","category":"","expires_in":"0000-00-00"},{"transaction_id":"1639434684","post_id":"1639415874","seller_id":"80","seller_username":"test","buyer_id":"80","buyer_username":"test","product_name":"","amount":"0","price":"0","address":"test","zip_code":"0","city":"test","collection_day":"2021-12-15","phone_number":"0","time_slot":"8:00 - 10:00","seller_image":"","post_image":"","category":"","expires_in":"0000-00-00"},{"transaction_id":"1639434728","post_id":"1639415874","seller_id":"80","seller_username":"test","buyer_id":"80","buyer_username":"test","product_name":"","amount":"0","price":"0","address":"test","zip_code":"0","city":"test","collection_day":"2021-12-15","phone_number":"0","time_slot":"8:00 - 10:00","seller_image":"","post_image":"","category":"","expires_in":"0000-00-00"},{"transaction_id":"1639434945","post_id":"1639415874","seller_id":"80","seller_username":"test","buyer_id":"80","buyer_username":"test","product_name":"","amount":"0","price":"0","address":"test","zip_code":"0","city":"test","collection_day":"2021-12-15","phone_number":"0","time_slot":"8:00 - 10:00","seller_image":"","post_image":"","category":"","expires_in":"0000-00-00"},{"transaction_id":"1639434951","post_id":"1639415874","seller_id":"80","seller_username":"test","buyer_id":"80","buyer_username":"test","product_name":"","amount":"0","price":"0","address":"test","zip_code":"0","city":"test","collection_day":"2021-12-15","phone_number":"0","time_slot":"8:00 - 10:00","seller_image":"","post_image":"","category":"","expires_in":"0000-00-00"},{"transaction_id":"1639435002","post_id":"1639415874","seller_id":"80","seller_username":"test","buyer_id":"80","buyer_username":"test","product_name":"","amount":"0","price":"0","address":"test","zip_code":"0","city":"test","collection_day":"2021-12-15","phone_number":"0","time_slot":"8:00 - 10:00","seller_image":"","post_image":"","category":"","expires_in":"0000-00-00"},{"transaction_id":"1639435185","post_id":"1639415874","seller_id":"80","seller_username":"test","buyer_id":"80","buyer_username":"test","product_name":"","amount":"0","price":"0","address":"test","zip_code":"0","city":"test","collection_day":"2021-12-15","phone_number":"0","time_slot":"8:00 - 10:00","seller_image":"","post_image":"","category":"","expires_in":"0000-00-00"},{"transaction_id":"1639435482","post_id":"1639415874","seller_id":"80","seller_username":"test","buyer_id":"80","buyer_username":"test","product_name":"time slots","amount":"0","price":"0","address":"test","zip_code":"0","city":"test","collection_day":"2021-12-15","phone_number":"0","time_slot":"8:00 - 10:00","seller_image":"","post_image":"","category":"","expires_in":"0000-00-00"},{"transaction_id":"1639435826","post_id":"1639415874","seller_id":"80","seller_username":"test","buyer_id":"80","buyer_username":"test","product_name":"time slots","amount":"0","price":"0","address":"test","zip_code":"0","city":"test","collection_day":"2021-12-15","phone_number":"0","time_slot":"8:00 - 10:00","seller_image":"","post_image":"","category":"","expires_in":"0000-00-00"},{"transaction_id":"1639435916","post_id":"1639415874","seller_id":"80","seller_username":"test","buyer_id":"80","buyer_username":"test","product_name":"time slots","amount":"0","price":"0","address":"test","zip_code":"0","city":"test","collection_day":"2021-12-15","phone_number":"0","time_slot":"14:00 - 16:00","seller_image":"","post_image":"","category":"","expires_in":"0000-00-00"},{"transaction_id":"1639435943","post_id":"1639415874","seller_id":"80","seller_username":"test","buyer_id":"80","buyer_username":"test","product_name":"time slots","amount":"0","price":"0","address":"test","zip_code":"0","city":"test","collection_day":"2021-12-15","phone_number":"0","time_slot":"8:00 - 10:00","seller_image":"","post_image":"","category":"","expires_in":"0000-00-00"},{"transaction_id":"1639436355","post_id":"1639415874","seller_id":"80","seller_username":"test","buyer_id":"80","buyer_username":"test","product_name":"time slots","amount":"0","price":"0","address":"test","zip_code":"0","city":"test","collection_day":"2021-12-15","phone_number":"0","time_slot":"8:00 - 10:00","seller_image":"","post_image":"","category":"","expires_in":"0000-00-00"},{"transaction_id":"1639436511","post_id":"1639415874","seller_id":"80","seller_username":"test","buyer_id":"80","buyer_username":"test","product_name":"time slots","amount":"0","price":"0","address":"test","zip_code":"0","city":"test","collection_day":"2021-12-15","phone_number":"0","time_slot":"8:00 - 10:00","seller_image":"","post_image":"","category":"","expires_in":"0000-00-00"},{"transaction_id":"1639436525","post_id":"1639415874","seller_id":"80","seller_username":"test","buyer_id":"80","buyer_username":"test","product_name":"time slots","amount":"0","price":"0","address":"test","zip_code":"0","city":"test","collection_day":"2021-12-15","phone_number":"0","time_slot":"8:00 - 10:00","seller_image":"","post_image":"","category":"","expires_in":"0000-00-00"},{"transaction_id":"1639474603","post_id":"1639415874","seller_id":"80","seller_username":"test","buyer_id":"57","buyer_username":"Kasia Laniecka","product_name":"time slots","amount":"0","price":"0","address":"test","zip_code":"0","city":"test","collection_day":"2021-12-15","phone_number":"0","time_slot":"14:00 - 16:00","seller_image":"","post_image":"","category":"","expires_in":"0000-00-00"},{"transaction_id":"1639474773","post_id":"1639474751","seller_id":"57","seller_username":"Kasia Laniecka","buyer_id":"57","buyer_username":"Kasia Laniecka","product_name":"Carrots","amount":"2","price":"10","address":"Damtoften 27B","zip_code":"0","city":"Viby J","collection_day":"2021-12-17","phone_number":"50349398","time_slot":"10:00 - 12:00","seller_image":"ola.jfif","post_image":"","category":"","expires_in":"0000-00-00"},{"transaction_id":"1639480677","post_id":"1639480603","seller_id":"57","seller_username":"Kasia Laniecka","buyer_id":"57","buyer_username":"Kasia Laniecka","product_name":"Bananana","amount":"10","price":"6","address":"Damtoften 27B","zip_code":"0","city":"Viby J","collection_day":"2021-12-16","phone_number":"50349398","time_slot":"10:00 - 12:00","seller_image":"ola.jfif","post_image":"rodrigo-dos-reis-DkTuGvgPotA-unsplash.jpg","category":"Fruits & Vegetables","expires_in":"0000-00-00"},{"transaction_id":"1639480820","post_id":"1639480603","seller_id":"57","seller_username":"Kasia Laniecka","buyer_id":"57","buyer_username":"Kasia Laniecka","product_name":"Bananana","amount":"10","price":"6","address":"Damtoften 27B","zip_code":"0","city":"Viby J","collection_day":"2021-12-16","phone_number":"50349398","time_slot":"10:00 - 12:00","seller_image":"ola.jfif","post_image":"rodrigo-dos-reis-DkTuGvgPotA-unsplash.jpg","category":"Fruits & Vegetables","expires_in":"0000-00-00"},{"transaction_id":"1639481244","post_id":"1639481165","seller_id":"57","seller_username":"Kasia Laniecka","buyer_id":"73","buyer_username":"Kamila Laniecka","product_name":"Hello","amount":"10","price":"10","address":"Damtoften 27B","zip_code":"0","city":"Viby J","collection_day":"2022-01-06","phone_number":"50349398","time_slot":"8:00 - 10:00","seller_image":"ola.jfif","post_image":"parking_4x.jpg","category":"Fruits & Vegetables","expires_in":"0000-00-00"},{"transaction_id":"1639481496","post_id":"1639481435","seller_id":"73","seller_username":"Kamila Laniecka","buyer_id":"57","buyer_username":"Kasia Laniecka","product_name":"sdfgh","amount":"3","price":"3","address":"Wejherowska","zip_code":"0","city":"Gdynia","collection_day":"2021-12-10","phone_number":"12345678","time_slot":"14:00 - 16:00","seller_image":"469578328213_152220714200566.jpg","post_image":"imgbin-2014-toyota-yaris-car-2012-toyota-yaris-2013-toyota-yaris-toyota-bpAhr8RF5ju3HrnEx2T27w0JZ.jp","category":"Fruits & Vegetables","expires_in":"0000-00-00"},{"transaction_id":"1639481790","post_id":"1639394051","seller_id":"57","seller_username":"Kasia Laniecka","buyer_id":"57","buyer_username":"Kasia Laniecka","product_name":"Zac Efron 2","amount":"1","price":"154","address":"Damtoften 27B","zip_code":"0","city":"Viby J","collection_day":"2021-12-10","phone_number":"50349398","time_slot":"14:00 - 16:00","seller_image":"ola.jfif","post_image":"carrot.jpg","category":"Fruits & Vegetables","expires_in":"0000-00-00"},{"transaction_id":"1639481803","post_id":"1639429085","seller_id":"57","seller_username":"Kasia Laniecka","buyer_id":"80","buyer_username":"test","product_name":"Strawberries","amount":"10","price":"10","address":"Damtoften 27B","zip_code":"0","city":"Viby J","collection_day":"2021-12-17","phone_number":"50349398","time_slot":"14:00 - 16:00","seller_image":"ola.jfif","post_image":"","category":"","expires_in":"0000-00-00"},{"transaction_id":"1639481910","post_id":"1639394051","seller_id":"57","seller_username":"Kasia Laniecka","buyer_id":"57","buyer_username":"Kasia Laniecka","product_name":"Zac Efron 2","amount":"1","price":"154","address":"Damtoften 27B","zip_code":"0","city":"Viby J","collection_day":"2021-12-10","phone_number":"50349398","time_slot":"14:00 - 16:00","seller_image":"ola.jfif","post_image":"carrot.jpg","category":"Fruits & Vegetables","expires_in":"2021-12-18"},{"transaction_id":"1639482320","post_id":"1639394826","seller_id":"57","seller_username":"Kasia Laniecka","buyer_id":"57","buyer_username":"Kasia Laniecka","product_name":"Bananas","amount":"10","price":"10","address":"Damtoften 27B","zip_code":"0","city":"Viby J","collection_day":"2021-12-16","phone_number":"50349398","time_slot":"14:00 - 16:00","seller_image":"ola.jfif","post_image":"rodrigo-dos-reis-DkTuGvgPotA-unsplash.jpg","category":"Fruits & Vegetables","expires_in":"2021-12-18"},{"transaction_id":"1639482393","post_id":"1639482032","seller_id":"80","seller_username":"test","buyer_id":"80","buyer_username":"test","product_name":"what the dog doin","amount":"0","price":"0","address":"test","zip_code":"0","city":"test","collection_day":"0000-00-00","phone_number":"0","time_slot":"14:00 - 16:00","seller_image":"","post_image":"","category":"","expires_in":"0000-00-00"},{"transaction_id":"1639482846","post_id":"1639481435","seller_id":"73","seller_username":"Kamila Laniecka","buyer_id":"80","buyer_username":"test","product_name":"sdfgh","amount":"3","price":"3","address":"Wejherowska","zip_code":"0","city":"Gdynia","collection_day":"2021-12-10","phone_number":"12345678","time_slot":"10:00 - 12:00","seller_image":"469578328213_152220714200566.jpg","post_image":"imgbin-2014-toyota-yaris-car-2012-toyota-yaris-2013-toyota-yaris-toyota-bpAhr8RF5ju3HrnEx2T27w0JZ.jp","category":"Fruits & Vegetables","expires_in":"2021-12-17"},{"transaction_id":"1639483095","post_id":"1639481435","seller_id":"73","seller_username":"Kamila Laniecka","buyer_id":"57","buyer_username":"Kasia Laniecka","product_name":"sdfgh","amount":"3","price":"3","address":"Wejherowska","zip_code":"0","city":"Gdynia","collection_day":"2021-12-10","phone_number":"12345678","time_slot":"14:00 - 16:00","seller_image":"469578328213_152220714200566.jpg","post_image":"imgbin-2014-toyota-yaris-car-2012-toyota-yaris-2013-toyota-yaris-toyota-bpAhr8RF5ju3HrnEx2T27w0JZ.jp","category":"Fruits & Vegetables","expires_in":"2021-12-17"},{"transaction_id":"1639483593","post_id":"1639422051","seller_id":"73","seller_username":"Kamila Laniecka","buyer_id":"57","buyer_username":"Kasia Laniecka","product_name":"Carrots","amount":"11","price":"6","address":"Wejherowska","zip_code":"0","city":"Gdynia","collection_day":"2021-12-02","phone_number":"12345678","time_slot":"14:00 - 16:00","seller_image":"469578328213_152220714200566.jpg","post_image":"carrot.jpg","category":"Dish","expires_in":"2021-12-30"},{"transaction_id":"1639484472","post_id":"1639481435","seller_id":"73","seller_username":"Kamila Laniecka","buyer_id":"57","buyer_username":"Kasia Laniecka","product_name":"sdfgh","amount":"3","price":"3","address":"Wejherowska","zip_code":"0","city":"Gdynia","collection_day":"2021-12-10","phone_number":"12345678","time_slot":"14:00 - 16:00","seller_image":"469578328213_152220714200566.jpg","post_image":"imgbin-2014-toyota-yaris-car-2012-toyota-yaris-2013-toyota-yaris-toyota-bpAhr8RF5ju3HrnEx2T27w0JZ.jp","category":"Fruits & Vegetables","expires_in":"2021-12-17"},{"transaction_id":"1639484623","post_id":"1639484567","seller_id":"57","seller_username":"Kasia Laniecka","buyer_id":"57","buyer_username":"Kasia Laniecka","product_name":"Bread","amount":"1","price":"15","address":"Damtoften 27B","zip_code":"0","city":"Viby J","collection_day":"2021-12-18","phone_number":"50349398","time_slot":"10:00 - 12:00","seller_image":"ola.jfif","post_image":"dog.jpg","category":"Bread & Pastry","expires_in":"2021-12-18"},{"transaction_id":"1639484872","post_id":"1639484567","seller_id":"57","seller_username":"Kasia Laniecka","buyer_id":"57","buyer_username":"Kasia Laniecka","product_name":"Bread","amount":"1","price":"15","address":"Damtoften 27B","zip_code":"0","city":"Viby J","collection_day":"2021-12-18","phone_number":"50349398","time_slot":"10:00 - 12:00","seller_image":"ola.jfif","post_image":"dog.jpg","category":"Bread & Pastry","expires_in":"2021-12-18"},{"transaction_id":"1639485174","post_id":"1639484568","seller_id":"57","seller_username":"Kasia Laniecka","buyer_id":"57","buyer_username":"Kasia Laniecka","product_name":"Bread","amount":"1","price":"15","address":"Damtoften 27B","zip_code":"0","city":"Viby J","collection_day":"2021-12-18","phone_number":"50349398","time_slot":"12:00 - 14:00","seller_image":"ola.jfif","post_image":"dog.jpg","category":"Bread & Pastry","expires_in":"2021-12-18"},{"transaction_id":"1639485736","post_id":"1639484567","seller_id":"57","seller_username":"Kasia Laniecka","buyer_id":"57","buyer_username":"Kasia Laniecka","product_name":"Bread","amount":"1","price":"15","address":"Damtoften 27B","zip_code":"0","city":"Viby J","collection_day":"2021-12-18","phone_number":"50349398","time_slot":"10:00 - 12:00","seller_image":"ola.jfif","post_image":"dog.jpg","category":"Bread & Pastry","expires_in":"2021-12-18"},{"transaction_id":"1639488485","post_id":"1639394051","seller_id":"57","seller_username":"Kasia Laniecka","buyer_id":"97","buyer_username":"Ola Wytulany","product_name":"Zac Efron 2","amount":"1","price":"154","address":"Damtoften 27B","zip_code":"0","city":"Viby J","collection_day":"2021-12-10","phone_number":"50349398","time_slot":"14:00 - 16:00","seller_image":"ola.jfif","post_image":"carrot.jpg","category":"Fruits & Vegetables","expires_in":"2021-12-18"},{"transaction_id":"1639488511","post_id":"1639429085","seller_id":"57","seller_username":"Kasia Laniecka","buyer_id":"97","buyer_username":"Ola Wytulany","product_name":"Strawberries","amount":"10","price":"10","address":"Damtoften 27B","zip_code":"0","city":"Viby J","collection_day":"2021-12-17","phone_number":"50349398","time_slot":"14:00 - 16:00","seller_image":"ola.jfif","post_image":"246414275_1490798961286065_6129286467048593678_n.jpg","category":"Fruits & Vegetables","expires_in":"2021-12-17"},{"transaction_id":"1639488672","post_id":"1639394051","seller_id":"57","seller_username":"Kasia Laniecka","buyer_id":"74","buyer_username":"Kasia Laniec","product_name":"Zac Efron 2","amount":"1","price":"154","address":"Damtoften 27B","zip_code":"0","city":"Viby J","collection_day":"2021-12-10","phone_number":"50349398","time_slot":"14:00 - 16:00","seller_image":"ola.jfif","post_image":"carrot.jpg","category":"Fruits & Vegetables","expires_in":"2021-12-18"},{"transaction_id":"1639488945","post_id":"1639488874","seller_id":"57","seller_username":"Kasia Laniecka","buyer_id":"97","buyer_username":"Ola Wytulany","product_name":"Chocolate","amount":"1","price":"10","address":"Damtoften 27B","zip_code":"0","city":"Viby J","collection_day":"2021-12-17","phone_number":"50349398","time_slot":"10:00 - 12:00","seller_image":"ola.jfif","post_image":"dark-chocolate-bar-1296x728-header.jpg","category":"Dessert","expires_in":"2021-12-18"},{"transaction_id":"1639489574","post_id":"1639489519","seller_id":"80","seller_username":"test","buyer_id":"80","buyer_username":"test","product_name":"Ola","amount":"1","price":"10000000","address":"test","zip_code":"0","city":"test","collection_day":"2021-12-15","phone_number":"0","time_slot":"8:00 - 10:00","seller_image":"","post_image":"","category":"","expires_in":"0000-00-00"},{"transaction_id":"1639495507","post_id":"1639484567","seller_id":"57","seller_username":"Kasia Laniecka","buyer_id":"80","buyer_username":"test","product_name":"Bread","amount":"1","price":"15","address":"Damtoften 27B","zip_code":"0","city":"Viby J","collection_day":"2021-12-18","phone_number":"50349398","time_slot":"10:00 - 12:00","seller_image":"","post_image":"","category":"","expires_in":"0000-00-00"},{"transaction_id":"1639495658","post_id":"1639481165","seller_id":"57","seller_username":"Kasia Laniecka","buyer_id":"80","buyer_username":"test","product_name":"Hello","amount":"10","price":"10","address":"Damtoften 27B","zip_code":"0","city":"Viby J","collection_day":"2021-12-15","phone_number":"50349398","time_slot":"12:00 - 14:00","seller_image":"","post_image":"","category":"","expires_in":"0000-00-00"},{"transaction_id":"1639502740","post_id":"1639394051","seller_id":"57","seller_username":"Kasia Laniecka","buyer_id":"80","buyer_username":"test","product_name":"Zac Efron 2","amount":"1","price":"154","address":"Damtoften 27B","zip_code":"0","city":"Viby J","collection_day":"2021-12-10","phone_number":"50349398","time_slot":"14:00 - 16:00","seller_image":"ola.jfif","post_image":"carrot.jpg","category":"Fruits & Vegetables","expires_in":"2021-12-18"}]