[{"user_id":"57","username":"Kasia Laniecka","email":"kasia.laniecka@gmail.com","password":"$2y$10$107ifSlVuGsV1lDz4tPlUOPRHynaTSJ.aCKVE2hLiJDsHDcAIr4Py","phone_number":"50349398","address":"Damtoften 27B","zip_code":"8260","city":"Viby J","image_name":"ola.jfif"},{"user_id":"69","username":"Hubba Bubba","email":"hubabuba","password":"$2y$10$qOs05zV209M0ie5OW0f.uuZEkLoe1BuZpuxYFNcLlGjaxFN4pBK0.","phone_number":"1234567","address":"Wiejska 2","zip_code":"8000","city":"Aarhus","image_name":"noun-tree-4414883 (1).png"},{"user_id":"70","username":"Mario","email":"mariomario","password":"$2y$10$cgTJJvPA4.rsI.iMIG9EdOA5iT\/DV9teJLbEKvCcmTTF2hX377WVK","phone_number":"12345","address":"Bursztynowa","zip_code":"8260","city":"Viby J","image_name":"246414275_1490798961286065_6129286467048593678_n.jpg"},{"user_id":"71","username":"ghj","email":"fgyhui","password":"$2y$10$QlXepmPEHIeHbNYfWIz4LOu8D1Ru925HqEoH3UxsJuYfGSMMelo36","phone_number":"0","address":"fghj","zip_code":"0","city":"fghj","image_name":"noun-money-4418408 (1).png"},{"user_id":"72","username":"dsfghj","email":"sdfgh","password":"$2y$10$TijA6J3j6hHY237fAVHxNes9GGgBXHv2E.jF8wFcUtuGU7MzBXZka","phone_number":"0","address":"dfghui","zip_code":"0","city":"dfghu","image_name":"karolina-kolodziejczak-Qf-gqJSWFYQ-unsplash.jpg"},{"user_id":"73","username":"Kamila Laniecka","email":"kamilaniecka@gmail.com","password":"$2y$10$Pkr6Z9hdOipEsNgH\/SW7T.UUjQtD\/iUXsZtIhwqasq.IMLOZU0T36","phone_number":"12345678","address":"Wejherowska","zip_code":"81","city":"Gdynia","image_name":"469578328213_152220714200566.jpg"},{"user_id":"74","username":"Kasia Laniec","email":"kasia","password":"$2y$10$i9Vu8VZkM1gjX7vYplyKnO2IybCVi1S7Jwzs2WAl77YRSVMxAx\/Ee","phone_number":"23456789","address":"dfghjik","zip_code":"555","city":"fghj","image_name":""},{"user_id":"80","username":"test","email":"test","password":"$2y$10$ldmTWCofXKF7VcjMc\/Q4f.ZFmhl9bpwilq3kNf9Xs0V.MOWA91mQO","phone_number":"0","address":"test","zip_code":"0","city":"test","image_name":""},{"user_id":"81","username":"imie","email":"dfghj","password":"$2y$10$ky4RDayGUx6RXEgS3iPUV.x0zCqC\/TATxLZ.SXLe9cV04XN4CknEm","phone_number":"6789","address":"fghj","zip_code":"9999","city":"bi","image_name":""},{"user_id":"82","username":"hjkl","email":"g","password":"$2y$10$NqkxkEdl16YvYwI1Bjp5oOqats2uhUpi7T6JB\/lni6WJ1yhbI60Qy","phone_number":"0","address":"g","zip_code":"0","city":"g","image_name":""},{"user_id":"83","username":"","email":"","password":"","phone_number":"0","address":"","zip_code":"0","city":"","image_name":"IMG_0697.jpg"},{"user_id":"84","username":"m","email":"m","password":"$2y$10$5\/6DaLn7ayAQtWATrFv9gOCdfxMzBnfhyXaPUPb4FM6JCZ3RqExfe","phone_number":"0","address":"m","zip_code":"0","city":"m","image_name":"IMG_0697.jpg"},{"user_id":"85","username":"l","email":"l","password":"$2y$10$vUfUnmNd\/WXvIJqLd9vJw.6isgV8.For\/XbKsTefCmsR5SGzR6V3S","phone_number":"0","address":"l","zip_code":"0","city":"l","image_name":"469578328213_152220714200566.jpg"},{"user_id":"86","username":"Patrycjusz","email":"pati@gmail.com","password":"$2y$10$Q79E.Fg6RrRfsuuBurOGfuuN8gHhDcRPX0cqTF24qL3jlOINA0mbm","phone_number":"45557898","address":"Skanderborgvej 54\/8","zip_code":"8260","city":"Viby J","image_name":"246414275_1490798961286065_6129286467048593678_n.jpg"},{"user_id":"87","username":"Leon","email":"leonleon@gmail.com","password":"$2y$10$dtdEOo6xFSnotAvVLbVM1O8Mu92Saj6.5PKRGfb1NAU.yplPfbHtq","phone_number":"12345678","address":"Leonowa","zip_code":"8000","city":"Aarhus C","image_name":"rodrigo-dos-reis-DkTuGvgPotA-unsplash.jpg"},{"user_id":"88","username":"Pan Tadeusz","email":"tadzio@gmail.com","password":"$2y$10$nSl1K6cJ.x7SYo\/z4F\/VZeEoIm8aIEg\/ArfwVXGx62tlkfYERjy3.","phone_number":"12345678","address":"Skanderborgvej 2","zip_code":"8260","city":"Viby J","image_name":"IMG_2647.JPG"},{"user_id":"89","username":"Ksi\u0105dz Robak","email":"robaki@gmail.com","password":"$2y$10$AsbMiAYex64hzB.2LDGmGuiEq9MQTAapcCbz5hdVpn4awHYIGp5OG","phone_number":"12345678","address":"Huhu","zip_code":"6789","city":"Aarhus","image_name":"IMG_0680.jpg"},{"user_id":"90","username":"g","email":"gfff","password":"$2y$10$ewYe94iRCQaNUWMaQxybg.LaRnvlMxFQbxCbFlDgx1TFSMd89JNvG","phone_number":"0","address":"g","zip_code":"0","city":"g","image_name":"noun-money-4418408.png"},{"user_id":"91","username":"sdfgthyg","email":"hihi","password":"$2y$10$uv.uTHk3HVqKNIAH4fdun.w3GSv5RW8MVtmQjsQzTRFw38zsu.j26","phone_number":"23456","address":"2sdfg","zip_code":"0","city":"sdrf","image_name":"noun-tree-4414883 (1).png"},{"user_id":"92","username":"p","email":"p","password":"$2y$10$fvcaKiMAinA7ftX1aQXaa.LqigzYxYB.ueYy3k53vQbZVmomQSmCW","phone_number":"0","address":"p","zip_code":"0","city":"p","image_name":""},{"user_id":"93","username":"testing","email":"testing","password":"$2y$10$60o.DvntqFjt.6jRPs\/fj.TQ4a9LX0V\/xMd3mWQ5AfoSbl9gy4gyq","phone_number":"0","address":"p","zip_code":"0","city":"p","image_name":""},{"user_id":"94","username":"p","email":"haha","password":"$2y$10$mfGHgMNjTHVM8U\/FGsZqCOitGnC1BlpGasW8VukmAsvS7EKxcmRAK","phone_number":"852","address":"p","zip_code":"4567","city":"p","image_name":"maxresdefault.jpg"},{"user_id":"95","username":"p","email":"juhu","password":"$2y$10$XGn7fK3GeExjXxS8SEVWROfBNbEdxBSEyBBDQOokEFSnS8hnMEC7q","phone_number":"0","address":"p","zip_code":"0","city":"p","image_name":"sass.png"},{"user_id":"96","username":"p","email":"lol","password":"$2y$10$ui9KNIAp8y9nW8y881rQJuqBlMKUXRBZHT118olIsyRajaERLpI9C","phone_number":"0","address":"p","zip_code":"0","city":"p","image_name":"avatar-test.jpg"},{"user_id":"97","username":"Ola Wytulany","email":"wytulana@gmail.com","password":"$2y$10$.k2DggZQCiOSXFacHuroIO0..55Wa2XdvmZeRC3mDHCQNgB5Cmr\/G","phone_number":"12345678","address":"Hasselengen 7","zip_code":"8260","city":"Aarhus","image_name":"ola.jfif"}]